{
  "1": {
    "heart_rate": {
      "mean": 119.29124767225326,
      "std": 24.45738129690104
    },
    "systolic_bp": {
      "mean": 82.50304158907511,
      "std": 18.446243084886774
    },
    "diastolic_bp": {
      "mean": 51.9734016139044,
      "std": 11.701636587500367
    },
    "spo2": {
      "mean": 85.86256983240222,
      "std": 6.870812284388992
    },
    "respiratory_rate": {
      "mean": 27.954655493482306,
      "std": 6.019890067586766
    },
    "temperature_c": {
      "mean": 38.91291123525761,
      "std": 0.8883884597701293
    },
    "gcs_total": {
      "mean": 6.493171942892613,
      "std": 2.2815860335619735
    },
    "pain_score": {
      "mean": 8.815332091868404,
      "std": 1.1617310086937522
    },
    "news2_score": {
      "mean": 13.637492240844196,
      "std": 2.0447182424173436
    }
  },
  "2": {
    "heart_rate": {
      "mean": 108.70797678398691,
      "std": 20.109481201123927
    },
    "systolic_bp": {
      "mean": 100.45374655852369,
      "std": 20.24325293138415
    },
    "diastolic_bp": {
      "mean": 63.134727286256414,
      "std": 12.973381402005334
    },
    "spo2": {
      "mean": 91.88096584567305,
      "std": 4.76515427576748
    },
    "respiratory_rate": {
      "mean": 22.966917181337898,
      "std": 5.033819035372331
    },
    "temperature_c": {
      "mean": 38.504278592157156,
      "std": 0.8018463578243071
    },
    "gcs_total": {
      "mean": 11.99226132896793,
      "std": 2.0109684938463097
    },
    "pain_score": {
      "mean": 7.857504278592157,
      "std": 1.8008886507894766
    },
    "news2_score": {
      "mean": 10.073294143909518,
      "std": 2.673407117524906
    }
  },
  "3": {
    "heart_rate": {
      "mean": 93.01581203969435,
      "std": 16.075968120399462
    },
    "systolic_bp": {
      "mean": 126.19136613533419,
      "std": 22.183905572813035
    },
    "diastolic_bp": {
      "mean": 76.81966736973132,
      "std": 13.107266012018812
    },
    "spo2": {
      "mean": 95.87348293627468,
      "std": 2.758473642224783
    },
    "respiratory_rate": {
      "mean": 17.99116904671346,
      "std": 2.9924551539427613
    },
    "temperature_c": {
      "mean": 37.69894194529927,
      "std": 0.6956505762150406
    },
    "gcs_total": {
      "mean": 15.0,
      "std": 0.0
    },
    "pain_score": {
      "mean": 4.742989523183845,
      "std": 3.239626711276656
    },
    "news2_score": {
      "mean": 2.6063759897652226,
      "std": 1.74518686325346
    }
  },
  "4": {
    "heart_rate": {
      "mean": 84.08963944396177,
      "std": 13.117372541822023
    },
    "systolic_bp": {
      "mean": 132.1520075158228,
      "std": 18.215350861203014
    },
    "diastolic_bp": {
      "mean": 79.94739418512658,
      "std": 11.079121706049587
    },
    "spo2": {
      "mean": 97.82022589052998,
      "std": 1.722344709611233
    },
    "respiratory_rate": {
      "mean": 15.995201984070206,
      "std": 2.0166392324216367
    },
    "temperature_c": {
      "mean": 37.199192006950476,
      "std": 0.497350597038651
    },
    "gcs_total": {
      "mean": 15.0,
      "std": 0.0
    },
    "pain_score": {
      "mean": 3.1426151172893135,
      "std": 2.6281548975328524
    },
    "news2_score": {
      "mean": 0.6725456125108601,
      "std": 0.8480152111263697
    }
  },
  "5": {
    "heart_rate": {
      "mean": 76.99184944727146,
      "std": 11.09205300208871
    },
    "systolic_bp": {
      "mean": 128.0609773089172,
      "std": 16.521881365936906
    },
    "diastolic_bp": {
      "mean": 78.92357683121018,
      "std": 9.993166694104561
    },
    "spo2": {
      "mean": 98.91981049306897,
      "std": 0.8721464099658615
    },
    "respiratory_rate": {
      "mean": 15.02911209553159,
      "std": 2.0090791086537942
    },
    "temperature_c": {
      "mean": 36.905025868440504,
      "std": 0.3989530084864594
    },
    "gcs_total": {
      "mean": 15.0,
      "std": 0.0
    },
    "pain_score": {
      "mean": 1.4882435515002632,
      "std": 1.7165030696428853
    },
    "news2_score": {
      "mean": 0.34830672047727673,
      "std": 0.6592477200177631
    }
  }
}